secid	name	formula	floater	price	price_source	nkd	dirty	maturity	days	current_coupon	simple	xirr	moex_yield	amort_before_maturity	offers
RU000A10CC24	РусГидро БО-002Р-07	фикс 13.85%	False	98.96	LAST	0.38	989.98	2028-07-26	659	13.995554	14.567622	15.509038	15.51	0	0
RU000A10D4D6	Минфин Амурской обл. 31002	фикс 16.75%	False	102.2	LAST	37.17	1059.17	2027-10-17	376	16.389432	13.798126	15.202679	15.2	0	0
RU000A108GR8	Ростелеком ПАО 001P-07R	КС + 1.20 п.п.	True	100.09	LAST	19.57	1020.47	2027-05-20	226	15.186332	14.753071	15.883305	15.18	0	0
RU000A10B933	Селигдар 001Р-03	фикс 23.25%	False	105.74	LAST	3.82	1061.22	2027-09-25	354	21.987895	16.332471	18.151105	18.15	0	0
RU000A10D3X6	Селигдар 001Р-07	КС + 4.50 п.п.	True	100.6	LAST	13.18	1019.18	2027-10-05	364	18.389662	17.561333	19.372365	18.66	0	0
RU000A1094F2	ГруппаЧеркизово БО-001Р-07	КС + 1.35 п.п.	True	99.95	LAST	7.57	1007.07	2027-07-15	282	15.357679	15.306482	16.555281	15.95	0	0
RU000A10CWF7	ПГК 003Р-01	фикс 15.75%	False	100.13	LAST	4.75	1006.05	2028-09-14	709	15.729552	15.594476	16.855021	16.86	0	0
RU000A10B8D9	ВЭБ.РФ ПБО-002Р-50	RUONIA_IND≈RUONIA + 2.30 п.п.	True	100.84	LAST	0.0	1008.4	2027-04-06	182	15.737802	14.06722	14.859596	15.1	0	0
RU000A105054	ММЦБ ПАО БО-П01-02	фикс 14%	False	99.07	LAST	26.85	1017.55	2027-01-26	112	14.131422	16.737419	17.729313	17.73	0	0
RU000A10C329	iПРОМОМЕД ДМ 002P-02	КС + 2.80 п.п.	True	100.5	LAST	12.89	1017.89	2027-07-05	272	16.716418	15.845495	17.324519	16.74	0	0
RU000A10EF11	iПРОМОМЕД ДМ 002P-03	КС + 2.20 п.п.	True	100.64	LAST	2.66	1009.06	2028-02-22	504	16.096979	15.595432	16.859835	16.31	0	0
RU000A104JQ3	ГК Самолет БО-П11	фикс 26%	False	71.06	LAST	39.89	750.49	2028-02-08	490	36.588798	63.368055	68.885605	220.76	0	3
RU000A10ATW2	Балтийский лизинг ООО БО-П15	фикс 23.7%	False	81.98	LAST	7.3	622.15	2028-02-13	495	28.90949	31.597499	72.303818	72.3	7	0
RU000A10B313	Брусника 002Р-05	фикс 21.75%	False	98.2	LAST	15.49	997.49	2028-03-03	514	22.148676	23.090594	25.91578	25.92	0	2
RU000A109LC8	РОЛЬФ БО 001Р-03	КС + 3.00 п.п.	True	96.25	LAST	10.25	972.75	2027-09-09	338	17.662338	21.638556	23.751142	22.96	0	0
RU000A10B3Q2	Биннофарм Групп 001Р-05	фикс 19%	False	100.65	LAST	12.49	1018.99	2028-03-05	516	18.877298	18.199365	20.127654	20.13	0	2
RU000A10B0J3	ДельтаЛизинг 001P-02	фикс 24%	False	104.78	LAST	4.02	716.524	2028-02-19	501	22.905135	8.561846	18.076782	18.08	24	0
RU000A10AS28	Биннофарм Групп 001Р-04	фикс 19%	False	100.81	LAST	3.64	1011.74	2028-01-22	473	18.847337	18.166367	19.913414	19.91	0	1
RU000A10E7K3	реСтор 001Р-03	фикс 18.75%	False	100.41	LAST	1.03	1005.13	2028-01-27	478	18.673439	18.341463	20.028245	20.03	0	0
RU000A10A4N8	Интерлизинг 001Р-10	КС + 4.50 п.п.	True	100.08	PREVLEGALCLOSEPRICE/PREVPRICE	6.53	566.978	2027-11-07	397	18.485212	18.200178	40.166576	19.36	24	0
RU000A107D33	ВИС ФИНАНС БО-П05	КС + 4.50 п.п.	True	100.51	LAST	13.18	1018.28	2027-12-09	429	18.406129	17.74133	19.240172	18.66	0	1
RU000A10EK06	"Сэтл-Групп" ООО БО 002P-07	фикс 16.5%	False	98.47	LAST	10.85	995.55	2028-03-05	516	16.756372	17.658707	19.243841	19.24	0	0
RU000A10DMN0	реСтор 001Р-02	фикс 18.85%	False	100.16	LAST	4.65	1006.25	2027-11-21	411	18.819888	18.587635	20.373285	20.37	0	0
RU000A10C5L7	Селигдар 001Р-04	фикс 19%	False	102.42	LAST	10.93	1035.13	2028-01-08	459	18.551064	16.500585	18.22062	18.22	0	0
RU000A10EAC6	КАМАЗ ПАО БО-П20	фикс 15.95%	False	99.87	LAST	9.61	1008.31	2028-02-06	488	15.970762	15.915773	17.296018	17.3	0	0
RU000A0ZYWU3	АФК Система БО 001P-08	фикс 12%	False	97.27	LAST	13.48	986.18	2028-02-23	505	12.336794	14.169907	14.720746	14.72	0	3
RU000A10ABC2	Новосибирская область 34026	КС + 4.50 п.п.	True	101.54	LAST	0.71	711.49	2027-11-28	418	18.219421	16.877698	48.81922	15.3	3	0
RU000A10AC91	Республика Башкортостан 34014	фикс 23.75%	False	106.7	LAST	13.66	813.91	2027-12-14	434	22.258669	9.069281	15.431694	15.43	4	0
RU000A0ZYQY7	АФК "Система" ПАО БО-001P-07	фикс 17.5%	False	99.56	LAST	35.48	1031.08	2028-01-21	472	17.57734	17.302411	18.611096	19.62	0	6
RU000A109DV5	Интерлизинг 001Р-09	КС + 2.60 п.п.	True	99.57	LAST	2.6	440.708	2027-08-19	317	16.671688	17.06716	36.225942	18.57	24	0
RU000A10B0Z9	ЭР-Телеком Холдинг ПБО-02-09	фикс 15.5%	False	98.89	LAST	3.4	992.3	2028-02-20	502	15.673981	16.433751	17.699056	17.7	0	2
RU000A10DZK8	Полипласт АО П02-БО-13	фикс 19.45%	False	89.78	LAST	7.46	905.26	2027-12-16	436	21.664068	30.94183	34.124293	34.12	0	0
RU000A10DP93	КАМАЗ ПАО БО-П18	фикс 16.5%	False	100.38	LAST	3.62	1007.42	2027-11-22	412	16.437537	16.041964	17.374026	17.37	0	0
RU000A105M91	Синара Транспортные Машины 1P3	фикс 18.5%	False	101.8	LAST	12.67	1030.67	2027-12-10	430	18.172888	16.465796	17.850353	17.85	0	1
RU000A10CKZ0	ЕвразХолдинг Финанс 003P-04	фикс 13.9%	False	97.9	LAST	5.71	984.71	2028-02-13	495	14.198161	15.682605	16.790996	16.79	0	0
RU000A10CQ77	КАМАЗ ПАО БО-П16	фикс 14.9%	False	99.26	LAST	11.84	1004.44	2027-09-02	331	15.011082	15.650873	16.980402	16.98	0	0
RU000A10DZU7	А101 БО-001Р-02	фикс 17%	False	100.79	LAST	6.52	1014.42	2027-12-16	436	16.866753	16.103216	17.532934	17.53	0	0
RU000A10AHC9	РЕСО-Лизинг ООО БО-П-23	фикс 24.5%	False	102.18	LAST	12.75	1034.55	2034-11-04	2951	23.977295	18.606307	24.010728	14.73	0	1
RU000A10EML2	ВТБ Лизинг 001Р-МБ-05	фикс 15.5%	False	100.6	LAST	7.05	842.03	2029-03-04	880	15.407555	7.832128	16.036307	16.04	11	0
RU000A104Z48	ВЭБ.РФ ПБО-002Р-33	фикс 10.2%	False	96.84	LAST	22.92	991.32	2027-07-15	282	10.532838	14.414479	15.144056	15.14	0	0
RU000A10AC75	Томская область 34072	фикс 26%	False	105.64	LAST	9.62	801.92	2027-12-12	432	24.611889	7.471117	16.620662	16.62	3	0
RU000A1099E4	Мособлэнерго 001Р-01	КС + 1.40 п.п.	True	100.15	LAST	11.39	1012.89	2029-07-25	1023	15.376935	15.151332	16.460129	15.7	0	2
RU000A10AFW1	ПАО Россети Моск.рег. БО1Р08	КС + 2.90 п.п.	True	100.4	LAST	9.72	1013.72	2026-12-14	69	16.832669	14.585682	15.772237	15.61	0	0
RU000A109TG2	Каршеринг Руссия 001P-04	КС + 3.00 п.п.	True	99.62	LAST	13.04	1009.24	2026-10-08	2	17.064846	85.532183	134.743619	134.74	0	1
RU000A109VM6	КАМАЗ ПАО БО-П13	КС + 1.75 п.п.	True	99.91	LAST	9.06	1008.16	2026-10-15	9	15.764188	19.24959	21.171959	21.08	0	0
RU000A1075S4	ИКС 5 ФИНАНС 003Р-02	КС + 1.10 п.п.	True	99.99	LAST	7.86	1007.76	2026-10-17	11	15.10151	15.310734	16.503973	16.5	0	0
RU000A109U97	ДОМ.РФ ПАО 002P-05	КС + 1.25 п.п.	True	99.98	LAST	7.52	1007.32	2026-10-18	12	15.253051	15.731926	16.989478	16.99	0	0
RU000A109ZQ8	Россети ПАО БО 001P-14R	КС + 1.20 п.п.	True	100.12	LAST	5.83	1007.03	2026-10-22	16	15.181782	12.375811	13.136359	13.01	0	0
RU000A10A349	РусГидро БО-002Р-01	КС + 2.00 п.п.	True	100.05	LAST	0.44	1000.94	2026-11-04	29	15.992004	15.354188	16.487395	16.34	0	0
RU000A108G05	ЕвразХолдинг Финанс 003P-01	КС + 1.30 п.п.	True	99.95	LAST	11.74	1011.24	2026-11-07	32	15.307654	15.690514	17.076866	16.93	0	0
RU000A10A7H3	СИБУР Холдинг 001Р-02	КС + 2.10 п.п.	True	100.2	LAST	5.29	1007.29	2026-11-23	48	16.067864	14.476032	15.554417	15.4	0	0
RU000A10AEB8	РусГидро БО-002Р-05	КС + 2.75 п.п.	True	100.32	LAST	11.93	1015.13	2026-12-09	64	16.696571	14.705013	15.947243	15.79	0	0
RU000A107HG1	Газпром нефть БО 003P-08R	КС + 1.30 п.п.	True	100.21	LAST	9.64	1011.74	2026-12-12	67	15.267937	13.992298	15.080811	14.92	0	0
RU000A107DS5	Межд.Банк Эк.Сотруд. 002P-02	КС + 2.50 п.п.	True	100.0	LAST	51.5	1051.5	2026-12-14	69	16.5	15.481679	16.48526	16.53	0	0
RU000A108QA3	МегаФон ПАО БО-002P-04	КС + 1.10 п.п.	True	100.15	LAST	8.69	1010.19	2026-12-15	70	15.077384	14.172228	15.007885	14.84	0	0
RU000A10AG22	ЭН+ГИДРО 001РС-06	КС + 5.00 п.п.	True	100.85	LAST	10.41	1018.91	2026-12-15	70	18.839861	14.297982	15.469942	15.31	0	0
RU000A107HR8	АО Авто Финанс Банк БО-001Р-11	КС + 2.50 п.п.	True	100.3	LAST	5.42	1008.42	2026-12-24	79	16.450648	14.991242	15.897002	15.9	0	0
RU000A10AHP1	ВТБ Факторинг БО-01	КС + 2.15 п.п.	True	100.5	LAST	2.65	1007.65	2026-12-25	80	16.069652	13.76563	14.732536	14.56	0	0
RU000A108WY1	МЕТАЛЛОИНВЕСТ 001P-08	КС + 1.05 п.п.	True	99.82	LAST	1.65	999.85	2027-01-01	87	15.077139	15.807256	16.785346	16.62	0	0
RU000A10ASD4	РОЛЬФ БО 001Р-06	КС + 6.00 п.п.	True	100.48	LAST	7.12	1011.92	2027-01-21	107	19.904459	18.147975	19.914549	19.65	0	0
RU000A10ASW4	КАМАЗ ПАО БО-П14	КС + 3.40 п.п.	True	100.13	LAST	4.29	1005.59	2027-01-25	111	17.377409	16.878308	18.334506	18.1	0	0
RU000A107UW1	Газпром нефть БО 003P-10R	КС + 1.30 п.п.	True	100.06	LAST	8.8	1009.4	2027-02-12	129	15.290826	14.990101	16.215315	15.94	0	0
RU000A108Q94	МегаФон ПАО БО-002P-05	КС + 1.10 п.п.	True	100.1	LAST	8.69	1009.69	2027-02-13	130	15.084915	14.676363	15.657489	15.37	0	0
RU000A109JZ3	МКПАО ОК РУСАЛ БО-001P-10	КС + 2.25 п.п.	True	100.19	LAST	12.91	1014.81	2027-03-06	151	16.219184	15.560509	16.965403	16.64	0	0
RU000A10B4D8	МЕТАЛЛОИНВЕСТ 001P-13	КС + 1.90 п.п.	True	100.3	LAST	10.89	1013.89	2027-03-10	155	15.852443	14.985497	16.264548	15.83	0	0
RU000A10B2X0	Синара Транспортные Машины 1P5	КС + 5.00 п.п.	True	101.4	LAST	12.49	1026.49	2027-03-11	156	18.737673	15.319288	16.755214	16.43	0	0
RU000A108777	Балтийский лизинг ООО БО-П10	КС + 2.30 п.п.	True	90.43	LAST	8.13	641.14	2027-04-08	184	18.024992	38.523093	104.621295	76.4	9	0
RU000A10BF48	МКПАО ЯНДЕКС 001Р-01	КС + 1.70 п.п.	True	100.63	LAST	9.89	1016.19	2027-04-11	187	15.601709	14.240384	15.407866	14.89	0	0
RU000A109SZ4	МегаФон ПАО БО-002P-07	КС + 1.30 п.п.	True	100.27	LAST	34.48	1037.18	2027-04-15	191	15.258801	14.234277	15.553882	15.18	0	0
RU000A10A7S0	Селектел 001P-05R	КС + 4.00 п.п.	True	101.19	LAST	5.42	1017.32	2027-05-23	229	17.788319	15.829845	17.218484	16.65	0	0
RU000A108P61	ПАО Россети Моск.рег. БО1Р06	КС + 1.15 п.п.	True	100.1	LAST	1.66	1002.66	2027-05-30	236	15.134865	14.955283	16.059781	15.47	0	0
RU000A108P46	Балтийский лизинг ООО БО-П11	КС + 2.30 п.п.	True	75.26	LAST	10.72	763.32	2027-06-09	246	21.658251	69.443752	83.309789	82.4	0	0
RU000A108VW7	МКПАО ОК РУСАЛ БО-001P-09	КС + 2.20 п.п.	True	100.02	LAST	7.1	1007.3	2027-06-17	254	16.196761	16.054261	17.421315	16.86	0	0
RU000A108RP9	АО Авто Финанс Банк БО-001Р-12	КС + 2.20 п.п.	True	100.5	LAST	7.99	1012.99	2027-06-18	255	16.119403	15.285752	16.327781	15.77	0	0
RU000A10CUB0	Биннофарм Групп 002Р-01	КС + 2.50 п.п.	True	99.99	LAST	7.64	1007.54	2027-06-18	255	16.50165	16.268668	17.67015	17.11	0	0
RU000A108Y86	ПАО ЛК Европлан 001P-07	КС + 1.90 п.п.	True	100.25	LAST	2.94	754.815	2027-06-24	261	15.860349	15.451263	25.898091	16.03	3	0
RU000A109098	Группа Позитив 001Р-01	КС + 1.70 п.п.	True	100.5	LAST	12.47	1017.47	2027-07-04	271	15.621891	14.768543	16.058454	15.48	0	0
RU000A1095L7	ГК Самолет БО-П14	КС + 2.75 п.п.	True	56.99	LAST	5.05	574.95	2027-07-22	289	29.391121	123.61132	152.933384	151.35	0	1
RU000A10AA28	Акрон (ПАО) БО-001P-06	КС + 3.25 п.п.	True	101.48	LAST	2.27	814.11	2027-07-27	294	16.998423	15.145227	31.048696	14.12	4	0
RU000A108Z77	Практика ЛК 001Р-03	КС + 2.60 п.п.	True	99.53	LAST	1.27	279.75494	2027-08-02	300	16.678388	9.522259	19.205705	19.21	35	0
RU000A1095W4	Ростелеком ПАО 001P-09R	КС + 1.15 п.п.	True	100.09	LAST	25.73	1026.63	2027-08-04	302	15.136377	14.651567	15.880542	15.27	0	0
RU000A1099A2	НоваБев Групп 002P БО-П07	КС + 1.40 п.п.	True	100.06	LAST	11.39	1011.99	2027-08-05	303	15.390766	15.146626	16.446905	15.73	0	0
RU000A1099V8	Совкомбанк Лизинг БО-П07	КС + 2.00 п.п.	True	100.11	LAST	6.47	622.1465	2027-08-08	306	15.982419	15.686535	33.905957	16.46	17	0
RU000A109E71	ТрансКонтейнер П02-01	КС + 1.75 п.п.	True	98.11	LAST	5.18	986.28	2027-08-20	318	16.053409	18.16839	19.691202	19.02	0	0
RU000A109551	Балтийский лизинг ООО БО-П12	КС + 2.30 п.п.	True	75.49	LAST	3.13	758.03	2027-08-25	323	21.592264	58.040724	100.762981	88.29	1	0
RU000A108LF3	Ростелеком ПАО 001P-08R	КС + 1.15 п.п.	True	100.48	LAST	13.7	1018.5	2027-09-02	331	15.077627	14.354828	15.371383	14.73	0	0
RU000A109JS8	Ростелеком ПАО 001P-11R	КС + 1.20 п.п.	True	100.07	LAST	9.16	1009.86	2027-09-13	342	15.189367	14.977787	15.981839	15.32	0	0
RU000A109JW0	КАМАЗ ПАО БО-П12	КС + 1.50 п.п.	True	96.69	LAST	8.92	975.82	2027-09-14	343	16.030613	19.493421	20.88014	20.19	0	0
RU000A10CU55	АФК Система БО 002Р-05	КС + 3.50 п.п.	True	98.76	LAST	7.19	994.79	2027-09-16	345	17.719725	18.910597	20.676158	19.97	0	0
RU000A109KY4	АО Авто Финанс Банк БО-001Р-13	КС + 2.30 п.п.	True	100.64	LAST	8.04	1014.44	2027-09-17	346	16.196343	15.402444	16.477811	15.8	0	0
RU000A109NF7	ЯТЭК 001Р-04	КС + 2.50 п.п.	True	100.25	LAST	6.33	1008.83	2027-09-17	346	16.458853	16.093859	17.472969	16.79	0	0
RU000A109KX6	ВИС ФИНАНС БО-П06	КС + 3.25 п.п.	True	98.83	LAST	6.11	994.41	2027-09-22	351	17.454214	18.574014	19.935681	19.25	0	0
RU000A109DT9	Росагролизинг 002P-03	КС + 1.70 п.п.	True	99.69	LAST	8.17	1005.07	2027-09-24	353	15.748821	15.939992	17.278067	16.59	0	0
RU000A109UD7	Атомэнергопром АО 001Р-03	КС + 1.25 п.п.	True	100.45	LAST	9.61	1014.11	2027-10-08	367	15.181682	14.596455	15.806837	15.11	0	0
RU000A109VL8	Совкомбанк БО-П05	КС + 2.00 п.п.	True	100.65	LAST	9.21	1015.71	2027-10-10	369	15.896672	15.119078	16.421002	15.73	0	1
RU000A109XR1	Акрон (ПАО) БО-001P-05	КС + 1.75 п.п.	True	100.37	LAST	5.87	808.83	2027-10-14	373	15.69194	15.219763	23.973423	15.67	6	0
RU000A109T41	Р-Вижн 001Р-01	КС + 2.75 п.п.	True	100.66	LAST	37.75	1044.35	2027-10-14	373	16.640175	15.409036	17.005078	16.35	0	0
RU000A109TJ6	ПАО "ПСБ" 003P-09	КС + 1.50 п.п.	True	100.25	LAST	2.12	1004.62	2027-10-15	374	15.461347	15.185751	16.342939	15.66	0	0
RU000A109R19	ГПБ Финанс 001Р-02Р	КС + 1.50 п.п.	True	100.23	LAST	30.62	1032.92	2027-10-24	383	15.464432	14.789677	16.135816	15.48	0	1
RU000A10A1N4	Альфа-Лизинг БО-02	КС + 3.00 п.п.	True	100.68	LAST	26.32	1033.12	2027-11-09	399	16.885181	15.83184	17.284141	16.62	0	0
RU000A10A5H7	ГТЛК БО 002P-06	КС + 5.00 п.п.	True	100.99	LAST	9.36	1019.26	2027-11-12	402	18.813744	17.759958	19.564788	11.09	0	1
RU000A10A7C4	ПАО ЛК Европлан 001P-08	КС + 4.00 п.п.	True	102.25	LAST	5.92	1028.42	2027-11-18	408	17.603912	15.545143	25.312243	15.26	3	0
RU000A1079S6	МЕТАЛЛОИНВЕСТ 001P-06	КС + 1.20 п.п.	True	98.9	LAST	17.49	1006.49	2027-11-23	413	15.36906	16.067911	17.28579	16.66	0	0
RU000A10DPV6	АФК Система БО 002Р-07	КС + 4.50 п.п.	True	99.98	LAST	3.04	1002.84	2027-11-24	414	18.503701	18.465288	20.175711	19.52	0	0
RU000A10DY92	АЛРОСА 002Р-01	КС + 1.35 п.п.	True	100.01	LAST	7.15	1007.25	2027-12-13	433	15.348465	15.231385	16.466446	15.86	0	0
