secid	name	rating	price_pct	price_source	coupon_pct	event_date	event_type	days_to_event	maturity	amortizations_before_event	current_coupon_yield_pct	simple_yield_to_event_pct	xirr_to_event_pct	moex_yield_pct	profit_per_bond_rub	num_trades	value_today
RU000A104JQ3	ГК Самолет БО-П11	A-	94.55	LAST	26.0	2027-02-12	PUT	149	2028-02-08	0	27.4987	39.7699	44.6849	45.62	157.78	1884	109892712
RU000A100QA0	ГК Самолет БО-П06	A-	86.57	LAST	18.75	2027-08-09	PUT	327	2029-08-01	0	21.6588	37.6193	41.9695	42.43	299.21	257	9033903
RU000A109874	ГК Самолет БО-П15	A-	87.0	LAST	17.0	2027-07-30	MATURITY	317	2027-07-30	1	19.5402	36.4071	40.4634	40.56	277.15	1720	12397494
RU000A107RZ0	ГК Самолет БО-П13	A-	95.23	LAST	21.0	2027-01-24	MATURITY	130	2027-01-24	1	22.0519	35.4957	41.5557	41.8	121.92	2182	154785474
RU000A10CZA1	ГК Самолет БО-П20	A-	99.56	LAST	21.25	2026-09-28	MATURITY	12	2026-09-28	1	21.3439	32.6629	38.3875	40.83	10.81	755	27376213
RU000A10E6U4	ГК Самолет БО-П19	A-	91.89	LAST	21.0	2027-08-02	PUT	320	2029-01-18	0	22.8534	32.1684	36.2469	36.76	261.75	699	6951870
RU000A106EM8	Балтийский лизинг ООО БО-П08	AA-	92.57	LAST	18.0	2027-05-06	CALL	232	2033-05-31	0	19.4447	31.529	35.4202	35.84	186.7	483	3763017
RU000A100Q50	ГК Самолет БО-П05	A-	98.4	LAST	19.0	2026-11-09	PUT	54	2029-07-31	0	19.3089	27.1673	30.6959	33.83	40.47	11	45521
RU000A0JWYJ0	Группа компаний "Самолет" 01	A-	99.72	LAST	26.0	2026-10-30	MATURITY	44	2026-10-30	1	26.073	26.8877	30.2925	31.04	33.43	358	9699178
RU000A107C75	Инвестиционные облигации 01	AA	99.0	LAST	0.01	2026-10-02	MATURITY	16	2026-10-02	1	0.0101	23.0406	25.7657	25.77	10.0	3	66330
RU000A10BGU1	Первое кол.бюро НАО 001Р-07	A-	102.07	LAST	24.5	2026-10-17	CALL	31	2028-04-09	0	24.0031	22.5863	25.6131	25.15	19.58	383	5362115
RU000A10AHE5	Новые технологии 001Р-02	A-	103.28	LAST	27.5	2026-12-16	MATURITY	91	2026-12-16	1	26.6266	22.3696	25.5068	14.97	57.6	226	3737646
RU000A10EC63	Брусника 002Р-06	A-	100.9	LAST	22.75	2028-02-18	PUT	520	2029-02-10	0	22.5471	21.4869	24.2186	24.37	313.26	445	7651597
RU000A10B313	Брусника 002Р-05	A-	100.21	LAST	21.75	2028-03-03	MATURITY	534	2028-03-03	1	21.7044	21.4355	23.797	23.85	315.57	610	11993897
RU000A102FS1	АФК Система БО 001P-16	A+	93.45	LAST	10.3	2027-06-03	PUT	260	2030-11-25	0	11.0219	20.5862	21.8244	22.01	137.74	129	5097406
RU000A101XN7	АФК Система БО 001P-14	A+	94.39	LAST	10.5	2027-04-19	PUT	215	2030-07-10	0	11.1241	20.5049	22.1849	22.54	116.23	838	20557430
RU000A100N12	АФК Система БО 001P-11	A+	92.99	LAST	10.9	2027-07-22	PUT	309	2029-07-16	0	11.7217	20.0936	21.112	21.28	161.18	370	4307908
RU000A103UR0	СберИОС 001Р-478R 5Г IMOEX	AAA	98.08	LAST	0.01	2026-10-23	MATURITY	37	2026-10-23	1	0.0102	19.4119	21.1954	0.0	19.3	1	981781
RU000A10AHC9	РЕСО-Лизинг ООО БО-П-23	AA-	102.9	LAST	24.5	2026-12-21	PUT	96	2034-11-04	0	23.8095	19.0511	21.3545	14.06	51.56	265	2833126
RU000A0ZYEB1	ТрансФин-М ПАО 001P-04	A	98.51	LAST	18.0	2027-04-20	CALL	216	2027-10-14	0	18.2723	18.8642	21.2208	21.78	118.45	71	882185
RU000A10B3Q2	Биннофарм Групп 001Р-05	A-	100.34	LAST	19.0	2028-03-05	MATURITY	536	2028-03-05	1	18.9356	18.6258	20.3868	0.0	275.16	672	32532505
RU000A103C95	АФК Система БО 001P-21	A+	98.93	LAST	17.5	2027-07-01	PUT	288	2031-06-23	0	17.6893	18.1115	19.5183	19.79	146.86	84	581993
RU000A102FT9	АФК Система БО 001P-17	A+	98.98	LAST	17.5	2027-06-03	PUT	260	2030-11-25	0	17.6803	17.9177	19.5581	19.86	132.94	171	2419434
RU000A1005L6	АФК Система БО 001P-09	A+	99.48	LAST	17.5	2027-03-01	PUT	166	2029-02-21	0	17.5915	17.9145	18.8436	19.55	81.91	150	1719279
RU000A0ZYQY7	АФК "Система" ПАО БО-001P-07	A+	99.53	LAST	17.5	2027-01-26	PUT	132	2028-01-21	0	17.5826	17.7519	18.8241	19.56	65.59	149	1952212
RU000A10AS28	Биннофарм Групп 001Р-04	A-	101.19	LAST	19.0	2028-01-22	MATURITY	493	2028-01-22	1	18.7766	17.7082	19.5166	19.57	244.27	499	18514937
RU000A10EE87	АФК Система БО 002Р-12	A+	99.5	LAST	17.5	2028-02-21	PUT	523	2031-02-01	0	17.5879	17.5795	19.2526	19.44	253.29	568	21577827
RU000A10CZC7	Аэрофьюэлз002Р-06	A	100.0	LAST	18.25	2027-10-04	MATURITY	383	2027-10-04	1	18.25	17.5614	19.4572	19.52	191.0	165	2176299
RU000A1055Y4	Почта России БО-002P-04	AA	93.06	LAST	9.25	2027-09-06	PUT	355	2032-08-25	0	9.9398	17.368	17.8666	18.04	157.84	165	5060007
RU000A10E7K3	реСтор 001Р-03	A-	101.49	LAST	18.75	2028-01-27	MATURITY	498	2028-01-27	1	18.4747	17.2468	18.9395	18.99	240.39	131	1580414
RU000A10C2E9	Аэрофьюэлз 002Р-05	A	101.43	LAST	19.75	2027-07-12	MATURITY	299	2027-07-12	1	19.4716	17.0843	18.951	19.03	146.95	291	5750418
RU000A102SX4	АФК Система БО 001P-19	A+	99.99	LAST	17.5	2027-05-27	PUT	253	2031-02-17	0	17.5018	17.0428	18.3625	18.67	119.48	20	133969
RU000A0ZYR91	ГТЛК БО 001Р-08	AA-	95.39	LAST	11.32	2027-07-30	PUT	317	2033-01-18	0	11.8671	16.9984	18.0953	18.26	143.16	9	27605
RU000A10DMN0	реСтор 001Р-02	A-	101.68	LAST	18.85	2027-11-21	MATURITY	431	2027-11-21	1	18.5386	16.9204	18.6396	18.7	205.22	196	2140159
RU000A104693	АФК Система БО 001P-23	A+	99.92	LAST	17.5	2027-03-03	PUT	168	2031-11-21	0	17.514	16.9	18.1584	18.86	78.47	34	460391
RU000A101Q26	АФК Система БО 001P-13	A+	99.45	LAST	16.0	2026-11-23	PUT	68	2030-05-15	0	16.0885	16.7524	18.0414	19.61	32.68	59	564366
RU000A10B024	АФК Система БО 002Р-01	A+	100.31	LAST	17.5	2027-04-20	PUT	216	2028-03-24	0	17.4459	16.6456	18.0376	18.32	99.0	907	7171061
RU000A10B0B0	Группа ЛСР ПАО БО 001Р-10	A	98.84	LAST	16.0	2028-02-24	PUT	526	2030-02-07	0	16.1878	16.6306	18.0556	18.29	239.09	424	3988003
RU000A105L27	АФК Система БО 001Р-24	A+	99.99	LAST	18.0	2026-12-07	PUT	82	2032-11-24	0	18.0018	16.6065	17.759	19.27	37.58	176	7922905
RU000A104V75	Почта России БО-002P-01	AA	96.15	LAST	11.4	2027-06-07	PUT	264	2032-05-26	0	11.8565	16.5515	17.6575	17.95	119.07	55	418089
RU000A10ATW2	Балтийский лизинг ООО БО-П15	AA-	95.97	LAST	23.7	2028-02-13	MATURITY	515	2028-02-13	6	24.6952	16.5395	33.8627	33.99	170.925	1263	13196691
RU000A10DZK8	Полипласт АО П02-БО-13	A	102.87	LAST	19.45	2027-12-16	MATURITY	456	2027-12-16	1	18.9074	16.4248	18.2074	18.26	213.82	412	3882494
RU000A0ZYNY4	ГосТранспортЛизингКомп 001P-07	AA-	98.25	LAST	11.7	2027-01-13	PUT	119	2032-12-31	0	11.9084	16.4014	17.7843	18.46	53.72	22	316389
RU000A10BY94	АФК Система БО 002Р-03	A+	102.3	LAST	21.5	2027-03-24	MATURITY	189	2027-03-24	1	21.0166	16.3545	18.0487	18.19	87.73	1220	53016987
RU000A1008J4	АФК Система БО 001P-10	A+	98.99	LAST	16.0	2027-03-31	PUT	196	2029-03-23	0	16.1632	16.3121	18.3119	18.85	93.39	83	1001718
RU000A10EK06	"Сэтл-Групп" ООО БО 002P-07	A-	100.15	LAST	16.5	2028-03-05	MATURITY	536	2028-03-05	1	16.4753	16.3038	17.6307	17.67	240.32	188	1899852
RU000A10AYF7	Новые технологии 001Р-04	A-	103.0	LAST	24.25	2027-02-19	MATURITY	156	2027-02-19	1	23.5437	16.2943	17.673	17.86	72.98	118	1294734
RU000A1089G0	ГИДРОМАШСЕРВИС АО 001Р-02	A	99.27	LAST	15.25	2027-03-31	CALL	196	2034-03-21	0	15.3621	16.2892	17.651	18.01	87.49	169	3175217
RU000A0ZYWU3	АФК Система БО 001P-08	A+	94.87	LAST	12.0	2028-02-23	MATURITY	525	2028-02-23	1	12.6489	16.2615	16.7409	16.77	223.59	66	111275
RU000A1043Z7	Биннофарм Групп 001Р-01	A-	99.51	LAST	15.0	2026-11-23	PUT	68	2036-11-05	0	15.0739	16.1932	17.3467	18.86	30.38	15	40839
RU000A10CCN3	О'КЕЙ ООО БО 001Р-08	A-	99.98	LAST	16.9	2027-02-09	PUT	146	2028-07-28	0	16.9034	16.1833	17.536	18.33	65.02	193	3198487
RU000A1089X5	РЖД ОАО ЗО28-1-Р	AAA	88.63	LAST	6.598	2028-03-02	MATURITY	533	2028-03-02	1	7.4444	16.1695	16.1927	16.21	20992.08	5	444270
RU000A10BFK4	Новые технологии 001Р-05	A-	103.54	LAST	23.25	2027-04-08	MATURITY	204	2027-04-08	1	22.4551	16.1584	17.7553	17.89	93.91	89	521045
RU000A10DQ68	СелоЗеленое 001Р-02	A	100.96	LAST	17.25	2027-11-25	MATURITY	435	2027-11-25	1	17.086	16.1306	17.5935	17.64	195.54	518	9351739
RU000A1003A4	ГТЛК БО 001P-13	AA-	97.41	LAST	9.57	2027-02-03	PUT	140	2034-01-20	0	9.8245	16.126	17.2497	17.72	61.03	24	355115
RU000A104W17	Почта России БО-002P-02	AA	100.53	LAST	17.5	2027-12-17	PUT	457	2032-06-08	0	17.4077	16.1192	17.4912	17.65	211.89	41	150712
RU000A10BPN7	Полипласт АО П02-БО-05	A	105.45	LAST	25.5	2027-05-19	MATURITY	245	2027-05-19	1	24.1821	16.1082	18.0975	18.22	115.98	509	9792681
RU000A10B3S8	Аэрофьюэлз-002Р-04	A	103.52	LAST	24.75	2027-03-19	MATURITY	184	2027-03-19	1	23.9084	16.087	18.3037	18.46	88.9	446	3591953
RU000A0JXN21	АФК "Система" ПАО БО-001P-06	A+	96.91	LAST	10.5	2027-03-26	MATURITY	191	2027-03-26	1	10.8348	16.0451	17.5459	17.61	85.57	48	173516
RU000A103U02	Банк ВТБ (ПАО) Б-1-245	AAA	97.6	LAST	0.01	2026-11-11	MATURITY	56	2026-11-11	1	0.0102	16.0404	17.1707	17.17	24.02	34	6299564
RU000A10DP93	КАМАЗ ПАО БО-П18	A	100.28	LAST	16.5	2027-11-22	MATURITY	432	2027-11-22	1	16.4539	16.0404	17.4512	17.5	192.01	195	3001116
RU000A10B0Z9	ЭР-Телеком Холдинг ПБО-02-09	A	99.19	LAST	15.5	2028-02-20	MATURITY	522	2028-02-20	1	15.6266	16.0374	17.348	17.39	229.35	255	1874847
RU000A10C5L7	Селигдар 001Р-04	A+	103.17	LAST	19.0	2028-01-08	MATURITY	479	2028-01-08	1	18.4162	16.0246	17.5315	17.58	217.18	1200	20244263
RU000A10EAC6	КАМАЗ ПАО БО-П20	A	99.94	LAST	15.95	2028-02-06	MATURITY	508	2028-02-06	1	15.9596	15.951	17.1863	17.23	222.16	1027	30100979
RU000A10BFJ6	Полипласт АО П02-БО-04	A	104.82	LAST	25.5	2027-04-08	MATURITY	204	2027-04-08	1	24.3274	15.9079	17.5597	17.71	93.63	277	4279577
RU000A102952	ВИС ФИНАНС БО-П01	A+	94.35	LAST	10.0	2027-10-12	MATURITY	391	2027-10-12	1	10.5988	15.8615	16.758	16.79	163.34	65	315873
RU000A103166	Банк ВТБ (ПАО) Б-1-216	AAA	98.8	LAST	0.01	2026-10-14	MATURITY	28	2026-10-14	1	0.0101	15.8454	17.0579	17.06	12.01	22	3947840
RU000A10B933	Селигдар 001Р-03	A+	106.39	LAST	23.25	2027-09-25	MATURITY	374	2027-09-25	1	21.8536	15.7733	17.6502	17.73	173.7	972	17514568
RU000A10BY45	Новые технологии 001Р-07	A-	102.9	LAST	20.25	2027-06-22	MATURITY	279	2027-06-22	1	19.6793	15.7297	17.3517	17.44	125.19	172	1755386
RU000A1084B2	"Сэтл-Групп" ООО БО 002P-03	A-	100.53	LAST	17.0	2027-03-14	MATURITY	179	2027-03-14	1	16.9104	15.7235	16.9597	17.07	77.59	328	3895230
RU000A10CKZ0	ЕвразХолдинг Финанс 003P-04	AA-	97.69	LAST	13.9	2028-02-13	MATURITY	515	2028-02-13	1	14.2287	15.7117	16.8807	16.92	218.76	607	18019118
RU000A10BPZ1	АФК Система БО 002Р-02	A+	104.13	LAST	22.75	2027-05-20	MATURITY	246	2027-05-20	1	21.8477	15.6421	17.3944	17.51	111.42	829	21255945
RU000A10DZU7	А101 БО-001Р-02	A+	101.2	LAST	17.0	2027-12-16	MATURITY	456	2027-12-16	1	16.7984	15.6297	17.1005	17.15	199.88	420	8892386
RU000A1084E6	О'КЕЙ ООО БО 001Р-06	A-	99.78	LAST	15.5	2027-03-17	CALL	182	2034-03-07	0	15.5342	15.6218	16.7969	17.19	77.79	242	3825903
RU000A101SC0	ГТЛК БО 001P-18	AA-	94.81	LAST	7.84	2027-06-07	PUT	264	2035-05-23	0	8.2692	15.5985	16.2918	16.49	107.33	24	73040
RU000A10E2B3	Совком Экспресс 001P-01	A+	103.77	LAST	19.5	2027-12-22	PUT	462	2029-12-08	0	18.7916	15.5856	17.2635	17.45	207.03	35	230615
RU000A1082W2	Новые технологии БO-03	A-	101.03	LAST	18.1	2027-03-07	MATURITY	172	2027-03-07	1	17.9155	15.5838	16.8927	17.02	74.52	139	872489
RU000A10EN29	КАМАЗ ПАО БО-П22	A	100.4	LAST	16.0	2028-03-13	MATURITY	544	2028-03-13	1	15.9363	15.4562	16.8386	16.88	234.01	61	1209800
RU000A1008Y3	Почта России (АО) БО-001P-07	AA	100.71	LAST	18.5	2027-04-02	PUT	198	2029-03-27	0	18.3696	15.3847	17.3561	17.76	91.24	77	5516014
RU000A10CQ77	КАМАЗ ПАО БО-П16	A	99.51	LAST	14.9	2027-09-02	MATURITY	351	2027-09-02	1	14.9734	15.3842	16.5459	16.6	147.82	143	949470
RU000A10BPD8	ГПБ (АО) БО 004Р-21	AA+	89.22	LAST	0.01	2027-06-30	MATURITY	287	2027-06-30	1	0.0112	15.3773	15.6229	15.62	107.88	18	127568
RU000A105M91	Синара Транспортные Машины 1P3	A	103.16	LAST	18.5	2027-12-10	MATURITY	450	2027-12-10	1	17.9333	15.3624	16.5175	16.57	195.96	236	4216081
RU000A103C53	РЕСО-Лизинг ООО БО-П-11	AA-	101.65	LAST	18.6	2027-06-30	PUT	287	2031-06-20	0	18.2981	15.2186	16.4143	16.83	126.7	32	284256
RU000A106DP3	РЕСО-Лизинг ООО БО-П-22	AA-	98.03	LAST	13.1	2027-06-16	PUT	273	2033-06-03	0	13.3633	15.2164	16.235	16.54	115.53	20	126180
RU000A105KR6	Восточная Стивидор.Ком 1P-03R	AA-	95.48	LAST	11.25	2027-11-30	MATURITY	440	2027-11-30	1	11.7826	15.1602	16.0219	16.05	180.52	55	1262220
RU000A10BGY3	Мобильные ТелеСистемы 002P-10	AAA	98.7	LAST	13.25	2028-01-13	PUT	484	2030-03-30	0	13.4245	15.1384	16.2426	15.31	198.13	128	2299011
RU000A108UR9	РЕСО-Лизинг ООО БО-П-26	AA-	102.18	LAST	18.5	2027-09-29	PUT	378	2034-06-16	0	18.1053	15.133	16.8582	17.17	166.73	19	270534
RU000A1013U1	Славнефть БО 001Р-03	AA	100.5	LAST	15.95	2027-11-23	PUT	433	2029-11-15	0	15.8706	15.0495	16.1552	16.39	181.61	29	999185
RU000A108C74	РЕСО-Лизинг ООО БО-П-25	AA-	100.07	LAST	15.5	2027-04-14	PUT	210	2034-03-05	0	15.4892	15.0471	16.1702	16.51	86.78	142	451291
