secid	isin	name	rating	rating_rank	price	coupon	maturity	days	simple0	ytm	has_offer	next_offer_date	next_offer_type	offers
RU000A10G9C4	RU000A10G9C4	iКаршеринг Руссия 001P-10	BBB+	12	97.0	23.5	2028-03-28	538	26.138	29.31	False			[]
RU000A107SA1	RU000A107SA1	ЛК Роделен БО 002P-02	BBB	11	89.85	16.0	2028-01-23	473	26.121	38.37	False			[]
RU000A10CB66	RU000A10CB66	ГК Сегежа 003P-06R	BB-	7	98.47	23.5	2028-01-25	475	24.661	28.11	False			[]
RU000A10ADD6	RU000A10ADD6	НСКАТД БО-02	BBB+	12	102.1	29.0	2027-12-03	422	24.128	18.13	True	2026-12-11	PUT	[{"date":"2026-12-11","type":"PUT","type_raw":"Оферта","price":100.0,"type_label":"Put-оферта (право инвестора)","type_source":"smart-lab detail"}]
RU000A10BGU1	RU000A10BGU1	Первое кол.бюро НАО 001Р-07	A-	13	100.12	24.5	2028-04-09	550	23.131	26.89	True	2026-10-17	CALL	[{"date":"2026-10-17","type":"CALL","type_label":"Call-оферта (право эмитента)","type_source":"smart-lab detail","price":null}]
RU000A107W71	RU000A107W71	Солид-Лизинг БО-02			94.3	18.0	2027-08-27	324	22.989	31.07	False			[]
RU000A10B0R6	RU000A10B0R6	Кокс ПАО 001P-02	BBB+	12	95.76	19.25	2028-02-19	500	22.755	25.82	False			[]
RU000A109NA8	RU000A109NA8	СОЛИД СпецАвтоТехЛизинг 01	B+	6	100.1	24.0	2028-03-10	520	22.626	26.67	False			[]
RU000A10DBV6	RU000A10DBV6	Уралкуз 001Р-03	BBB+	12	97.16	20.0	2027-10-21	379	22.594	25.93	False			[]
RU000A10AHD7	RU000A10AHD7	Кокс ПАО 001P-01			96.68	19.75	2027-12-11	430	22.086	25.58	False			[]
RU000A1008V9	RU000A1008V9	РОСНАНО АО 08			95.14	17.99	2028-03-27	537	21.915	20.91	False			[]
RU000A10D1J9	RU000A10D1J9	ЭЛЕКТРОРЕШЕНИЯ 001Р-02	BBB	11	100.1	22.5	2027-09-27	355	21.914	24.82	False			[]
RU000A10ECY6	RU000A10ECY6	ЭЛЕКТРОРЕШЕНИЯ 001Р-03	BBB	11	100.23	23.5	2027-08-19	316	21.857	25.83	False			[]
RU000A10B313	RU000A10B313	Брусника 002Р-05	A-	13	98.3	21.75	2028-03-03	513	21.78	25.82	False			[]
RU000A10B2P6	RU000A10B2P6	АйДи Коллект 001P-01	BBB-	10	104.37	26.0	2028-02-27	508	21.711	24.73	False			[]
RU000A10B461	RU000A10B461	НСКАТД БО-03	BBB+	12	103.29	26.0	2028-03-04	514	21.193	25.88	False			[]
RU000A10B9Q9	RU000A10B9Q9	ГЛОРАКС 001Р-04	BBB+	12	104.64	25.5	2028-03-24	534	20.921	24.05	False			[]
RU000A109LC8	RU000A109LC8	РОЛЬФ БО 001Р-03			96.61	17.0	2027-09-09	337	19.913	22.5	False			[]
RU000A10AYU6	RU000A10AYU6	МФК Мани Мен БО-01	BBB-	10	106.34	26.5	2028-02-10	491	19.211	23.19	False			[]
RU000A102556	RU000A102556	СЭЗ им. С.Орджоникидзе 001Р-02	BBB+	12	92.8	10.75	2027-09-14	342	18.948	20.79	False			[]
RU000A10B0J3	RU000A10B0J3	ДельтаЛизинг 001P-02	AA-	16	104.78	24.0	2028-02-19	500	18.94	18.32	False			[]
RU000A10AC75	RU000A10AC75	Томская область 34072			105.42	26.0	2027-12-12	431	18.91	16.97	False			[]
RU000A10E9Z7	RU000A10E9Z7	МКАО Воксис 001Р-02	BBB+	12	100.18	20.0	2028-02-03	484	18.443	21.96	False			[]
RU000A10DMN0	RU000A10DMN0	реСтор 001Р-02	A-	13	99.95	18.85	2027-11-21	410	18.294	20.62	False			[]
RU000A10E7K3	RU000A10E7K3	реСтор 001Р-03	A-	13	100.34	18.75	2028-01-27	477	18.234	20.29	False			[]
RU000A10AS28	RU000A10AS28	Биннофарм Групп 001Р-04	A-	13	100.95	19.0	2028-01-22	472	17.653	19.77	False			[]
RU000A10CZC7	RU000A10CZC7	Аэрофьюэлз002Р-06	A	14	100.51	18.25	2027-10-04	362	17.469	18.94	False			[]
RU000A10B3Q2	RU000A10B3Q2	Биннофарм Групп 001Р-05	A-	13	100.57	19.0	2028-03-05	515	17.304	20.2	False			[]
RU000A10A4N8	RU000A10A4N8	Интерлизинг 001Р-10			100.08	18.5	2027-11-07	396	17.028	19.46	False			[]
RU000A10AC91	RU000A10AC91	Республика Башкортостан 34014			106.99	23.75	2027-12-14	433	16.691	14.92	False			[]
RU000A10EK06	RU000A10EK06	"Сэтл-Групп" ООО БО 002P-07	A-	13	98.64	16.5	2028-03-05	515	16.662	19.02	False			[]
RU000A10B024	RU000A10B024	АФК Система БО 002Р-01	A+	15	100.01	17.5	2028-03-24	534	16.474	18.94	True	2027-04-20	PUT	[{"date":"2027-04-20","type":"PUT","type_raw":"Оферта","price":100.0,"type_label":"Put-оферта (право инвестора)","type_source":"smart-lab detail"}]
RU000A10CMQ5	RU000A10CMQ5	Новые технологии 001Р-08	A-	13	100.02	17.0	2027-08-24	321	16.368	18.35	False			[]
RU000A10ABC2	RU000A10ABC2	Новосибирская область 34026			101.85	18.5	2027-11-28	417	16.367	14.51	False			[]
RU000A10B7H2	RU000A10B7H2	Аптечная сеть 36,6 002P-02	BBB+	12	100.1	17.0	2028-03-16	526	16.315	18.29	False			[]
RU000A107D33	RU000A107D33	ВИС ФИНАНС БО-П05			100.78	18.5	2027-12-09	428	16.267	18.47	False			[]
RU000A10B0Z9	RU000A10B0Z9	ЭР-Телеком Холдинг ПБО-02-09	A	14	98.88	15.5	2028-02-20	501	16.118	17.71	False			[]
RU000A109DV5	RU000A109DV5	Интерлизинг 001Р-09			99.77	16.6	2027-08-19	316	16.006	18.12	False			[]
RU000A10B933	RU000A10B933	Селигдар 001Р-03	A+	15	105.82	23.25	2027-09-25	353	15.71	18.01	False			[]
RU000A105M91	RU000A105M91	Синара Транспортные Машины 1P3	A	14	101.48	18.5	2027-12-10	429	15.632	18.18	False			[]
RU000A10CQ77	RU000A10CQ77	КАМАЗ ПАО БО-П16	A	14	99.39	14.9	2027-09-02	330	15.618	16.81	False			[]
RU000A10DZU7	RU000A10DZU7	А101 БО-001Р-02	A+	15	100.7	17.0	2027-12-16	435	15.563	17.63	False			[]
RU000A10DP93	RU000A10DP93	КАМАЗ ПАО БО-П18	A	14	100.48	16.5	2027-11-22	411	15.528	17.26	False			[]
RU000A10DQ68	RU000A10DQ68	СелоЗеленое 001Р-02	A	14	101.34	17.25	2027-11-25	414	15.517	17.19	False			[]
RU000A10EG44	RU000A10EG44	ИЛОН 001Р-01	A-	13	102.38	17.7	2028-02-24	505	15.359	16.97	False			[]
RU000A10C5L7	RU000A10C5L7	Селигдар 001Р-04	A+	15	102.79	19.0	2028-01-08	458	15.216	17.93	False			[]
RU000A10B8R9	RU000A10B8R9	ИНАРКТИКА 002Р-02	A+	15	104.48	19.0	2028-04-03	544	15.185	16.53	False			[]
RU000A10BW70	RU000A10BW70	Томская область 34074			102.69	18.25	2028-03-13	523	15.117	17.24	False			[]
RU000A10CKZ0	RU000A10CKZ0	ЕвразХолдинг Финанс 003P-04	AA-	16	98.09	13.9	2028-02-13	494	15.023	16.62	False			[]
RU000A10EAC6	RU000A10EAC6	КАМАЗ ПАО БО-П20	A	14	99.99	15.95	2028-02-06	487	15.015	17.18	False			[]
RU000A107EC7	RU000A107EC7	Россети Ленэнерго ПАО 001P-01			100.05	15.15	2027-11-27	416	14.885	15.61	False			[]
RU000A10D3J5	RU000A10D3J5	Почта России 003P-01	AA-	16	101.5	17.2	2028-04-01	542	14.844	17.3	False			[]
RU000A106VV3	RU000A106VV3	РЖД БО 001Р-27R			100.19	15.22	2027-09-09	337	14.73	15.45	False			[]
