event_date	event_type	name	isin	rating_input	formula	scenario_coupon_rate_pct	price_pct	price_source	current_face	initial_face	nkd	clean_rub	dirty_rub	current_coupon_yield_pct	amortizations_to_event	put_offers	call_offers	maturity	settle_date	days	simple_yield_pct	xirr_pct	moex_yield_pct	profit_rub	note
2026-10-01		Россети Моск. регион 1Р07	RU000A109S91																						
2026-10-08	Погашение	Каршеринг Руссия 001P-04	RU000A109TG2	A+	КС + 3.00 п.п.	17.0	99.53	LAST	1000.0	1000.0	12.58	995.3	1007.88	17.080277	[{"date":"2026-10-08","amount":1000.0}]	[]	[]	2026-10-08	2026-10-05	3	73.515696	108.120035	108.12	6.09	
2026-10-15	Погашение	КАМАЗ БО-П13	RU000A109VM6	A	КС + 1.75 п.п.	15.75	99.88	LAST	1000.0	1000.0	8.63	998.8	1007.43	15.768923	[{"date":"2026-10-15","amount":1000.0}]	[]	[]	2026-10-15	2026-10-05	10	19.982033	22.0518	21.93	5.515205	1 куп. рассчитано по КС=14%+спред
2026-10-17	Погашение	X5 Финанс 003Р-02	RU000A1075S4	AAA	КС + 1.10 п.п.	15.1	100.0	LAST	1000.0	1000.0	7.45	1000.0	1007.45	15.1	[{"date":"2026-10-17","amount":1000.0}]	[]	[]	2026-10-17	2026-10-05	12	14.975102	16.11183	16.11	4.96	
2026-10-18	Погашение	ДОМ.РФ 002P-05	RU000A109U97	AAA	КС + 1.25 п.п.	15.25	100.0	LAST	1000.0	1000.0	7.1	1000.0	1007.1	15.25	[{"date":"2026-10-18","amount":1000.0}]	[]	[]	2026-10-18	2026-10-05	13	15.138287	16.296901	16.3	5.43	
2026-10-22	Погашение	Россети 001P-14R	RU000A109ZQ8	AAA	КС + 1.20 п.п.	15.2	100.0	LAST	1000.0	1000.0	5.41	1000.0	1005.41	15.2	[{"date":"2026-10-22","amount":1000.0}]	[]	[]	2026-10-22	2026-10-05	17	15.126109	16.268357	16.12	7.083151	1 куп. рассчитано по КС=14%+спред
2026-11-04	Погашение	РусГидро 002Р-01	RU000A10A349	AAA	КС + 2.00 п.п.	16.0	100.19	LAST	1000.0	1000.0	0.0	1001.9	1001.9	15.969658	[{"date":"2026-11-04","amount":1000.0}]	[]	[]	2026-11-04	2026-10-05	30	13.662375	14.55242	14.4	11.250685	1 куп. рассчитано по КС=14%+спред
2026-11-07	Погашение	ЕвразХолдинг Финанс 003P-01	RU000A108G05	AA+	КС + 1.30 п.п.	15.3	99.97	LAST	1000.0	1000.0	11.32	999.7	1011.02	15.304591	[{"date":"2026-11-07","amount":1000.0}]	[]	[]	2026-11-07	2026-10-05	33	15.459035	16.796437	16.64	14.130685	2 куп. рассчитано по КС=14%+спред
2026-11-23	Погашение	СИБУР 001Р-02	RU000A10A7H3	AAA	КС + 2.10 п.п.	16.1	100.26	LAST	1000.0	1000.0	4.85	1002.6	1007.45	16.058249	[{"date":"2026-11-23","amount":1000.0}]	[]	[]	2026-11-23	2026-10-05	49	14.060049	15.073924	14.91	19.015753	2 куп. рассчитано по КС=14%+спред
2026-12-09	Погашение	РусГидро 002Р-05	RU000A10AEB8	AAA	КС + 2.75 п.п.	16.75	100.51	LAST	1000.0	1000.0	11.47	1005.1	1016.57	16.665008	[{"date":"2026-12-09","amount":1000.0}]	[]	[]	2026-12-09	2026-10-05	65	13.662838	14.744079	14.59	24.734247	2 куп. рассчитано по КС=14%+спред
2026-12-12	Погашение	Газпром нефть 003P-08R	RU000A107HG1	AAA	КС + 1.30 п.п.	15.3	100.25	LAST	1000.0	1000.0	9.22	1002.5	1011.72	15.261845	[{"date":"2026-12-12","amount":1000.0}]	[]	[]	2026-12-12	2026-10-05	68	13.797412	14.851787	14.69	26.006027	3 куп. рассчитано по КС=14%+спред
2026-12-14	Погашение	Россети Московский регион 1Р08	RU000A10AFW1	AAA	КС + 2.90 п.п.	16.9	100.49	LAST	1000.0	1000.0	9.26	1004.9	1014.16	16.817594	[{"date":"2026-12-14","amount":1000.0}]	[]	[]	2026-12-14	2026-10-05	70	14.144852	15.260221	15.1	27.511233	3 куп. рассчитано по КС=14%+спред
2026-12-14	Погашение	МБЭС 002P-02	RU000A107DS5	AAA	КС + 2.50 п.п.	16.5	100.2	LAST	1000.0	1000.0	51.05	1002.0	1053.05	16.467066	[{"date":"2026-12-14","amount":1000.0}]	[]	[]	2026-12-14	2026-10-05	70	14.470552	15.342294	15.38	29.223973	1 куп. рассчитано по КС=14%+спред
2026-12-15	Погашение	МегаФон 002P-04	RU000A108QA3	AAA	КС + 1.10 п.п.	15.1	100.1	LAST	1000.0	1000.0	8.27	1001.0	1009.27	15.084915	[{"date":"2026-12-15","amount":1000.0}]	[]	[]	2026-12-15	2026-10-05	71	14.453969	15.320504	15.15	28.376575	1 куп. рассчитано по КС=14%+спред
2026-12-15	Погашение	ЭН+ Гидро 001РС-06	RU000A10AG22	A+	КС + 5.00 п.п.	19.0	100.89	LAST	1000.0	1000.0	9.89	1008.9	1018.79	18.832392	[{"date":"2026-12-15","amount":1000.0}]	[]	[]	2026-12-15	2026-10-05	71	14.158815	15.302823	15.14	28.059315	3 куп. рассчитано по КС=14%+спред
2026-12-24	Погашение	Авто Финанс Банк 001Р-11	RU000A107HR8	AA	КС + 2.50 п.п.	16.5	100.44	LAST	1000.0	1000.0	4.97	1004.4	1009.37	16.427718	[{"date":"2026-12-24","amount":1000.0}]	[]	[]	2026-12-24	2026-10-05	80	14.360505	15.187539	15.19	31.77	
2026-12-25	Погашение	ВТБ Факторинг БО-01	RU000A10AHP1	AA	КС + 2.15 п.п.	16.15	101.1	LAST	1000.0	1000.0	2.21	1011.0	1013.21	15.974283	[{"date":"2026-12-25","amount":1000.0}]	[]	[]	2026-12-25	2026-10-05	81	11.048311	11.69356	11.53	24.842055	3 куп. рассчитано по КС=14%+спред
2027-01-01	Погашение	Металлоинвест 001P-08	RU000A108WY1	AAA	КС + 1.05 п.п.	15.05	99.85	LAST	1000.0	1000.0	1.24	998.5	999.74	15.072609	[{"date":"2027-01-01","amount":1000.0}]	[]	[]	2027-01-01	2026-10-05	88	15.674985	16.632816	16.47	37.781918	1 куп. рассчитано по КС=14%+спред
2027-01-21	Погашение	РОЛЬФ 001Р-06	RU000A10ASD4	A	КС + 6.00 п.п.	20.0	100.25	LAST	1000.0	1000.0	6.58	1002.5	1009.08	19.950125	[{"date":"2027-01-21","amount":1000.0}]	[]	[]	2027-01-21	2026-10-05	108	18.98172	20.881398	20.62	56.675068	3 куп. рассчитано по КС=14%+спред
2027-01-25	Погашение	КАМАЗ БО-П14	RU000A10ASW4	A	КС + 3.40 п.п.	17.4	100.45	LAST	1000.0	1000.0	3.81	1004.5	1008.31	17.322051	[{"date":"2027-01-25","amount":1000.0}]	[]	[]	2027-01-25	2026-10-05	112	15.803362	17.093526	16.86	48.895479	4 куп. рассчитано по КС=14%+спред
2027-02-12	Погашение	Газпром нефть 003P-10R	RU000A107UW1	AAA	КС + 1.30 п.п.	15.3	100.13	LAST	1000.0	1000.0	8.38	1001.3	1009.68	15.280136	[{"date":"2027-02-12","amount":1000.0}]	[]	[]	2027-02-12	2026-10-05	130	14.792806	15.984161	15.71	53.196712	5 куп. рассчитано по КС=14%+спред
2027-02-13	Погашение	МегаФон 002P-05	RU000A108Q94	AAA	КС + 1.10 п.п.	15.1	100.14	LAST	1000.0	1000.0	8.27	1001.4	1009.67	15.07889	[{"date":"2027-02-13","amount":1000.0}]	[]	[]	2027-02-13	2026-10-05	131	14.570137	15.533452	15.25	52.798493	2 куп. рассчитано по КС=14%+спред
2027-03-06	Погашение	РУСАЛ 001P-10	RU000A109JZ3	A+	КС + 2.25 п.п.	16.25	100.32	LAST	1000.0	1000.0	12.47	1003.2	1015.67	16.198166	[{"date":"2027-03-06","amount":1000.0}]	[]	[]	2027-03-06	2026-10-05	152	15.241721	16.593218	16.28	64.466986	6 куп. рассчитано по КС=14%+спред
2027-03-10	Погашение	Металлоинвест 001P-13	RU000A10B4D8	AAA	КС + 1.90 п.п.	15.9	100.29	LAST	1000.0	1000.0	10.45	1002.9	1013.35	15.854023	[{"date":"2027-03-10","amount":1000.0}]	[]	[]	2027-03-10	2026-10-05	156	15.022052	16.298397	15.88	65.060959	6 куп. рассчитано по КС=14%+спред
2027-03-11	Погашение	Синара ТМ 1P5	RU000A10B2X0	A	КС + 5.00 п.п.	19.0	101.11	LAST	1000.0	1000.0	11.97	1011.1	1023.07	18.791415	[{"date":"2027-03-11","amount":1000.0}]	[]	[]	2027-03-11	2026-10-05	157	16.049764	17.584174	17.26	70.62863	6 куп. рассчитано по КС=14%+спред
2027-04-08	Погашение	Балтийский лизинг БО-П10	RU000A108777	AA-	КС + 2.30 п.п.	16.3	90.34	LAST	700.0	1000.0	7.82	632.38	640.2	18.042949	[{"date":"2026-10-10","amount":100.0},{"date":"2026-11-09","amount":100.0},{"date":"2026-12-09","amount":100.0},{"date":"2027-01-08","amount":100.0},{"date":"2027-02-07","amount":100.0},{"date":"2027-03-09","amount":100.0},{"date":"2027-04-08","amount":100.0}]	[]	[]	2027-04-08	2026-10-05	185	38.660807	104.201966	76.34	125.448493	6 куп. рассчитано по КС=14%+спред
2027-04-11	Погашение	Яндекс 001Р-01	RU000A10BF48	AAA	КС + 1.70 п.п.	15.7	100.66	LAST	1000.0	1000.0	9.46	1006.6	1016.06	15.597059	[{"date":"2027-04-11","amount":1000.0}]	[]	[]	2027-04-11	2026-10-05	188	14.19129	15.346005	14.84	74.268767	7 куп. рассчитано по КС=14%+спред
2027-04-15	Погашение	МегаФон 002P-07	RU000A109SZ4	AAA	КС + 1.30 п.п.	15.3	100.18	LAST	1000.0	1000.0	34.06	1001.8	1035.86	15.272509	[{"date":"2027-04-15","amount":1000.0}]	[]	[]	2027-04-15	2026-10-05	192	14.420435	15.757274	15.39	78.575616	3 куп. рассчитано по КС=14%+спред
2027-05-20	Погашение	Ростелеком 001P-07R	RU000A108GR8	AA+	КС + 1.20 п.п.	15.2	99.91	LAST	1000.0	1000.0	19.16	999.1	1018.26	15.213692	[{"date":"2027-05-20","amount":1000.0}]	[]	[]	2027-05-20	2026-10-05	227	15.068938	16.227435	15.53	95.427671	3 куп. рассчитано по КС=14%+спред
2027-05-23	Погашение	Селектел 001P-05R	RU000A10A7S0	AA-	КС + 4.00 п.п.	18.0	101.45	LAST	1000.0	1000.0	4.93	1014.5	1019.43	17.74273	[{"date":"2027-05-23","amount":1000.0}]	[]	[]	2027-05-23	2026-10-05	230	15.399932	16.727911	16.17	98.926164	8 куп. рассчитано по КС=14%+спред
2027-05-30	Погашение	Россети Моск. регион 1Р06	RU000A108P61	AAA	КС + 1.15 п.п.	15.15	100.1	LAST	1000.0	1000.0	1.25	1001.0	1002.25	15.134865	[{"date":"2027-05-30","amount":1000.0}]	[]	[]	2027-05-30	2026-10-05	237	14.961274	16.059959	15.45	97.364384	7 куп. рассчитано по КС=14%+спред
2027-06-09	Погашение	Балтийский лизинг БО-П11	RU000A108P46	AA-	КС + 2.30 п.п.	16.3	74.5	LAST	1000.0	1000.0	10.27	745.0	755.27	21.879195	[{"date":"2027-06-09","amount":1000.0}]	[]	[]	2027-06-09	2026-10-05	247	71.474801	85.927697	85.01	365.308082	8 куп. рассчитано по КС=14%+спред
2027-06-17	Погашение	РУСАЛ 001P-09	RU000A108VW7	A+	КС + 2.20 п.п.	16.2	100.23	LAST	1000.0	1000.0	6.66	1002.3	1008.96	16.162826	[{"date":"2027-06-17","amount":1000.0}]	[]	[]	2027-06-17	2026-10-05	255	15.729495	17.051202	16.5	110.875616	9 куп. рассчитано по КС=14%+спред
2027-06-18	Погашение	Авто Финанс Банк 001Р-12	RU000A108RP9	AA	КС + 2.20 п.п.	16.2	100.6	LAST	1000.0	1000.0	7.55	1006.0	1013.55	16.10338	[{"date":"2027-06-18","amount":1000.0}]	[]	[]	2027-06-18	2026-10-05	256	15.138853	16.160702	15.61	107.618082	2 куп. рассчитано по КС=14%+спред
2027-06-18	Погашение	Биннофарм 002Р-01	RU000A10CUB0	A	КС + 2.50 п.п.	16.5	100.0	PREVLEGALCLOSEPRICE/PREVPRICE	1000.0	1000.0	7.13	1000.0	1007.13	16.5	[{"date":"2027-06-18","amount":1000.0}]	[]	[]	2027-06-18	2026-10-05	256	16.269758	17.663267	17.1	114.924795	9 куп. рассчитано по КС=14%+спред
2027-06-24	Погашение	Европлан 001P-07	RU000A108Y86	AA	КС + 1.90 п.п.	15.9	100.3	LAST	750.0	1000.0	2.61	752.25	754.86	15.852443	[{"date":"2026-12-26","amount":250.0},{"date":"2027-03-26","amount":250.0},{"date":"2027-06-24","amount":250.0}]	[]	[]	2027-06-24	2026-10-05	262	15.383066	25.706321	15.92	83.352329	9 куп. рассчитано по КС=14%+спред
2027-07-04	Погашение	Группа Позитив 001Р-01	RU000A109098	AA	КС + 1.70 п.п.	15.7	100.68	LAST	1000.0	1000.0	12.04	1006.8	1018.84	15.593961	[{"date":"2027-07-04","amount":1000.0}]	[]	[]	2027-07-04	2026-10-05	272	14.514019	15.76801	15.19	110.196986	9 куп. рассчитано по КС=14%+спред
2027-07-15	Погашение	Черкизово 001Р-07	RU000A1094F2	AA	КС + 1.35 п.п.	15.35	100.06	LAST	1000.0	1000.0	7.15	1000.6	1007.75	15.340796	[{"date":"2027-07-15","amount":1000.0}]	[]	[]	2027-07-15	2026-10-05	283	15.155075	16.380807	15.78	118.414384	10 куп. рассчитано по КС=14%+спред
2027-07-22	Погашение	Самолет БО-П14	RU000A1095L7	A+	КС + 2.75 п.п.	16.75	57.65	LAST	1000.0	1000.0	4.59	576.5	581.09	29.05464	[{"date":"2027-07-22","amount":1000.0}]	[]	[]	2027-07-22	2026-10-05	290	120.553555	148.382031	146.83	556.581233	10 куп. рассчитано по КС=14%+спред
2027-07-27	Погашение	Акрон 001Р-06	RU000A10AA28	AA	КС + 3.25 п.п.	17.25	101.47	LAST	800.0	1000.0	1.89	811.76	813.65	17.000099	[{"date":"2026-10-30","amount":200.0},{"date":"2027-01-28","amount":200.0},{"date":"2027-04-28","amount":200.0},{"date":"2027-07-27","amount":200.0}]	[]	[]	2027-07-27	2026-10-05	295	15.172371	30.993716	14.17	99.774658	10 куп. рассчитано по КС=14%+спред
2027-08-02	Погашение	Практика ЛК 001Р-03	RU000A108Z77	A	КС + 2.60 п.п.	16.6	99.7	LAST	279.8	1000.0	1.15	278.9606	280.1106	16.64995	[{"date":"2026-10-27","amount":27.7},{"date":"2026-11-27","amount":27.7},{"date":"2026-12-28","amount":27.7},{"date":"2027-01-28","amount":27.7},{"date":"2027-02-28","amount":27.7},{"date":"2027-03-31","amount":27.7},{"date":"2027-05-01","amount":27.7},{"date":"2027-06-01","amount":27.7},{"date":"2027-07-02","amount":27.7},{"date":"2027-08-02","amount":30.5}]	[]	[]	2027-08-02	2026-10-05	301	9.324605	18.717075	18.72	21.5394	
2027-08-04	Погашение	Ростелеком 001P-09R	RU000A1095W4	AA+	КС + 1.15 п.п.	15.15	100.1	LAST	1000.0	1000.0	25.32	1001.0	1026.32	15.134865	[{"date":"2027-08-04","amount":1000.0}]	[]	[]	2027-08-04	2026-10-05	303	14.644009	15.865361	15.24	124.764932	4 куп. рассчитано по КС=14%+спред
2027-08-05	Погашение	НоваБев Групп 002P-07	RU000A1099A2	AA	КС + 1.40 п.п.	15.4	100.0	LAST	1000.0	1000.0	10.97	1000.0	1010.97	15.4	[{"date":"2027-08-05","amount":1000.0}]	[]	[]	2027-08-05	2026-10-05	304	15.233172	16.535384	15.8	128.265342	10 куп. рассчитано по КС=14%+спред
2027-08-08	Погашение	Совкомбанк Лизинг БО-П07	RU000A1099V8	AA-	КС + 2.00 п.п.	16.0	100.38	LAST	615.0	1000.0	6.2	617.337	623.537	15.93943	[{"date":"2026-10-12","amount":55.0},{"date":"2026-11-11","amount":55.0},{"date":"2026-12-11","amount":55.0},{"date":"2027-01-10","amount":55.0},{"date":"2027-02-09","amount":55.0},{"date":"2027-03-11","amount":55.0},{"date":"2027-04-10","amount":55.0},{"date":"2027-05-10","amount":55.0},{"date":"2027-06-09","amount":55.0},{"date":"2027-07-09","amount":55.0},{"date":"2027-08-08","amount":65.0}]	[]	[]	2027-08-08	2026-10-05	307	15.335439	32.933649	15.71	80.427384	11 куп. рассчитано по КС=14%+спред
2027-08-19	Погашение	Интерлизинг 001Р-09	RU000A109DV5	A	КС + 2.60 п.п.	16.6	99.98	LAST	440.0	1000.0	2.4	439.912	442.312	16.603321	[{"date":"2026-10-23","amount":40.0},{"date":"2026-11-22","amount":40.0},{"date":"2026-12-22","amount":40.0},{"date":"2027-01-21","amount":40.0},{"date":"2027-02-20","amount":40.0},{"date":"2027-03-22","amount":40.0},{"date":"2027-04-21","amount":40.0},{"date":"2027-05-21","amount":40.0},{"date":"2027-06-20","amount":40.0},{"date":"2027-07-20","amount":40.0},{"date":"2027-08-19","amount":40.0}]	[]	[]	2027-08-19	2026-10-05	318	16.535555	34.845222	17.47	63.720877	10 куп. рассчитано по КС=14%+спред
2027-08-20	Погашение	ТрансКонтейнер П02-01	RU000A109E71	AA-	КС + 1.75 п.п.	15.75	98.34	LAST	1000.0	1000.0	4.75	983.4	988.15	16.015863	[{"date":"2027-08-20","amount":1000.0}]	[]	[]	2027-08-20	2026-10-05	319	17.86063	19.34237	18.66	154.24726	11 куп. рассчитано по КС=14%+спред
2027-08-25	Погашение	Балтийский лизинг БО-П12	RU000A109551	AA-	КС + 2.30 п.п.	16.3	75.41	LAST	1000.0	1000.0	2.68	754.1	756.78	21.61517	[{"date":"2027-02-26","amount":500.0},{"date":"2027-08-25","amount":500.0}]	[]	[]	2027-08-25	2026-10-05	324	58.143233	100.672557	88.24	390.589863	11 куп. рассчитано по КС=14%+спред
2027-09-02	Погашение	Ростелеком 001P-08R	RU000A108LF3	AA+	КС + 1.15 п.п.	15.15	100.35	LAST	1000.0	1000.0	13.28	1003.5	1016.78	15.09716	[{"date":"2027-09-02","amount":1000.0}]	[]	[]	2027-09-02	2026-10-05	332	14.521776	15.546398	14.88	134.304932	4 куп. рассчитано по КС=14%+спред
2027-09-09	Погашение	РОЛЬФ 001Р-03	RU000A109LC8	A	КС + 3.00 п.п.	17.0	96.05	LAST	1000.0	1000.0	9.78	960.5	970.28	17.699115	[{"date":"2027-09-09","amount":1000.0}]	[]	[]	2027-09-09	2026-10-05	339	21.903737	24.034787	23.22	197.38863	11 куп. рассчитано по КС=14%+спред
2027-09-13	Погашение	Ростелеком 001P-11R	RU000A109JS8	AA+	КС + 1.20 п.п.	15.2	100.09	LAST	1000.0	1000.0	8.75	1000.9	1009.65	15.186332	[{"date":"2027-09-13","amount":1000.0}]	[]	[]	2027-09-13	2026-10-05	343	14.959359	15.955906	15.28	141.933562	4 куп. рассчитано по КС=14%+спред
2027-09-14	Погашение	КАМАЗ БО-П12	RU000A109JW0	A	КС + 1.50 п.п.	15.5	96.59	LAST	1000.0	1000.0	8.49	965.9	974.39	16.04721	[{"date":"2027-09-14","amount":1000.0}]	[]	[]	2027-09-14	2026-10-05	344	19.620997	21.009254	20.3	180.185342	4 куп. рассчитано по КС=14%+спред
2027-09-16	Погашение	АФК Система 002Р-05	RU000A10CU55	AA-	КС + 3.50 п.п.	17.5	99.02	LAST	1000.0	1000.0	6.71	990.2	996.91	17.673197	[{"date":"2027-09-16","amount":1000.0}]	[]	[]	2027-09-16	2026-10-05	346	18.591508	20.311688	19.59	175.69274	12 куп. рассчитано по КС=14%+спред
2027-09-17	Погашение	Авто Финанс Банк 001Р-13	RU000A109KY4	AA	КС + 2.30 п.п.	16.3	100.81	LAST	1000.0	1000.0	7.59	1008.1	1015.69	16.169031	[{"date":"2027-09-17","amount":1000.0}]	[]	[]	2027-09-17	2026-10-05	347	15.209703	16.263124	15.57	146.865068	3 куп. рассчитано по КС=14%+спред
2027-09-17	Погашение	ЯТЭК 001Р-04	RU000A109NF7	A	КС + 2.50 п.п.	16.5	100.3	LAST	1000.0	1000.0	5.88	1003.0	1008.88	16.450648	[{"date":"2027-09-17","amount":1000.0}]	[]	[]	2027-09-17	2026-10-05	347	16.041471	17.407577	16.71	153.858082	11 куп. рассчитано по КС=14%+спред
2027-09-22	Погашение	ВИС Финанс БО-П06	RU000A109KX6	A+	КС + 3.25 п.п.	17.25	98.89	LAST	1000.0	1000.0	5.64	988.9	994.54	17.443624	[{"date":"2027-09-22","amount":1000.0}]	[]	[]	2027-09-22	2026-10-05	352	18.505272	19.852289	19.14	177.487397	4 куп. рассчитано по КС=14%+спред
2027-09-24	Погашение	Росагролизинг 002P-03	RU000A109DT9	AA-	КС + 1.70 п.п.	15.7	99.66	LAST	1000.0	1000.0	7.74	996.6	1004.34	15.753562	[{"date":"2027-09-24","amount":1000.0}]	[]	[]	2027-09-24	2026-10-05	354	15.98146	17.315892	16.6	155.670959	12 куп. рассчитано по КС=14%+спред
2027-10-08	Погашение	Атомэнергопром 001Р-03	RU000A109UD7	AAA	КС + 1.25 п.п.	15.25	100.3	LAST	1000.0	1000.0	9.19	1003.0	1012.19	15.204387	[{"date":"2027-10-08","amount":1000.0}]	[]	[]	2027-10-08	2026-10-05	368	14.772545	15.992395	15.27	150.755205	13 куп. рассчитано по КС=14%+спред
2027-10-10	Погашение	Совкомбанк БО-П05	RU000A109VL8	AA	КС + 2.00 п.п.	16.0	100.6	LAST	1000.0	1000.0	8.77	1006.0	1014.77	15.904573	[{"date":"2027-10-10","amount":1000.0}]	[]	[]	2027-10-10	2026-10-05	370	15.183563	16.484463	15.77	156.188904	13 куп. рассчитано по КС=14%+спред
2027-10-14	Погашение	Акрон 001Р-05	RU000A109XR1	AA	КС + 1.75 п.п.	15.75	100.37	LAST	800.0	1000.0	5.52	802.96	808.48	15.69194	[{"date":"2026-10-19","amount":100.0},{"date":"2027-01-17","amount":100.0},{"date":"2027-04-17","amount":100.0},{"date":"2027-07-16","amount":100.0},{"date":"2027-10-14","amount":400.0}]	[]	[]	2027-10-14	2026-10-05	374	15.227889	23.944175	15.66	126.150137	13 куп. рассчитано по КС=14%+спред
2027-10-14	Погашение	Р-Вижн 001Р-01	RU000A109T41	A+	КС + 2.75 п.п.	16.75	100.75	LAST	1000.0	1000.0	37.29	1007.5	1044.79	16.62531	[{"date":"2027-10-14","amount":1000.0}]	[]	[]	2027-10-14	2026-10-05	374	15.320263	16.897897	16.22	164.01137	5 куп. рассчитано по КС=14%+спред
2027-10-15	Погашение	ПСБ 003P-09	RU000A109TJ6	AAA	КС + 1.50 п.п.	15.5	100.13	LAST	1000.0	1000.0	1.7	1001.3	1003.0	15.479876	[{"date":"2027-10-15","amount":1000.0}]	[]	[]	2027-10-15	2026-10-05	375	15.326926	16.489126	15.78	157.940822	12 куп. рассчитано по КС=14%+спред
2027-10-24	Погашение	ГПБ Финанс 001Р-02Р	RU000A109R19	AA+	КС + 1.50 п.п.	15.5	99.53	LAST	1000.0	1000.0	30.2	995.3	1025.5	15.573194	[{"date":"2027-10-24","amount":1000.0}]	[]	[]	2027-10-24	2026-10-05	384	15.545643	16.959063	16.28	167.719178	5 куп. рассчитано по КС=14%+спред
2027-11-07	Погашение	Интерлизинг 001Р-10	RU000A10A4N8	A	КС + 4.50 п.п.	18.5	100.08	PREVLEGALCLOSEPRICE/PREVPRICE	560.0	1000.0	6.24	560.448	566.688	18.485212	[{"date":"2026-10-13","amount":40.0},{"date":"2026-11-12","amount":40.0},{"date":"2026-12-12","amount":40.0},{"date":"2027-01-11","amount":40.0},{"date":"2027-02-10","amount":40.0},{"date":"2027-03-12","amount":40.0},{"date":"2027-04-11","amount":40.0},{"date":"2027-05-11","amount":40.0},{"date":"2027-06-10","amount":40.0},{"date":"2027-07-10","amount":40.0},{"date":"2027-08-09","amount":40.0},{"date":"2027-09-08","amount":40.0},{"date":"2027-10-08","amount":40.0},{"date":"2027-11-07","amount":40.0}]	[]	[]	2027-11-07	2026-10-05	398	18.210671	40.054999	19.36	112.52789	13 куп. рассчитано по КС=14%+спред
2027-11-09	Погашение	Альфа-Лизинг БО-02	RU000A10A1N4	AA-	КС + 3.00 п.п.	17.0	101.1	LAST	1000.0	1000.0	25.85	1011.0	1036.85	16.815035	[{"date":"2027-11-09","amount":1000.0}]	[]	[]	2027-11-09	2026-10-05	400	15.407183	16.810779	16.13	175.067808	5 куп. рассчитано по КС=14%+спред
2027-11-12	Погашение	ГТЛК 002P-06	RU000A10A5H7	AA-	КС + 5.00 п.п.	19.0	100.51	LAST	1000.0	1000.0	8.84	1005.1	1013.94	18.903592	[{"date":"2027-11-12","amount":1000.0}]	[]	[]	2027-11-12	2026-10-05	403	18.284053	20.135357	15.69	204.690137	14 куп. рассчитано по КС=14%+спред
2027-11-18	Погашение	Европлан 001P-08	RU000A10A7C4	AA	КС + 4.00 п.п.	18.0	102.49	LAST	1000.0	1000.0	5.42	1024.9	1030.32	17.562689	[{"date":"2027-02-21","amount":250.0},{"date":"2027-05-22","amount":250.0},{"date":"2027-08-20","amount":250.0},{"date":"2027-11-18","amount":250.0}]	[]	[]	2027-11-18	2026-10-05	409	15.313969	24.873956	14.88	176.803288	14 куп. рассчитано по КС=14%+спред
2027-11-23	Погашение	Металлоинвест 001P-06	RU000A1079S6	AAA	КС + 1.20 п.п.	15.2	98.88	LAST	1000.0	1000.0	17.07	988.8	1005.87	15.372168	[{"date":"2027-11-23","amount":1000.0}]	[]	[]	2027-11-23	2026-10-05	414	16.093322	17.305906	16.66	183.609452	5 куп. рассчитано по КС=14%+спред
2027-11-24	Погашение	АФК Система 002Р-07	RU000A10DPV6	AA-	КС + 4.50 п.п.	18.5	99.69	LAST	1000.0	1000.0	2.53	996.9	999.43	18.557528	[{"date":"2027-11-24","amount":1000.0}]	[]	[]	2027-11-24	2026-10-05	415	18.783731	20.514426	19.84	213.446712	14 куп. рассчитано по КС=14%+спред
2027-12-05		Совком Секьюритиз 001Р-01	RU000A10AF64																						
2027-12-13	Погашение	АЛРОСА 002Р-01	RU000A10DY92	AAA	КС + 1.35 п.п.	15.35	100.2	LAST	1000.0	1000.0	6.73	1002.0	1008.73	15.319361	[{"date":"2027-12-13","amount":1000.0}]	[]	[]	2027-12-13	2026-10-05	434	15.050601	16.26459	15.64	180.520137	14 куп. рассчитано по КС=14%+спред
